-- --------------------------------------------------------
-- Хост:                         192.168.0.107
-- Версия сервера:               10.11.2-MariaDB - Source distribution
-- Операционная система:         Linux
-- HeidiSQL Версия:              12.5.0.6677
-- --------------------------------------------------------

/*!40101 SET @OLD_CHARACTER_SET_CLIENT=@@CHARACTER_SET_CLIENT */;
/*!40101 SET NAMES utf8 */;
/*!50503 SET NAMES utf8mb4 */;
/*!40103 SET @OLD_TIME_ZONE=@@TIME_ZONE */;
/*!40103 SET TIME_ZONE='+00:00' */;
/*!40014 SET @OLD_FOREIGN_KEY_CHECKS=@@FOREIGN_KEY_CHECKS, FOREIGN_KEY_CHECKS=0 */;
/*!40101 SET @OLD_SQL_MODE=@@SQL_MODE, SQL_MODE='NO_AUTO_VALUE_ON_ZERO' */;
/*!40111 SET @OLD_SQL_NOTES=@@SQL_NOTES, SQL_NOTES=0 */;

-- Дамп структуры для таблица comicShelf.Author
CREATE TABLE IF NOT EXISTS `Author` (
  `Id` int(11) NOT NULL AUTO_INCREMENT,
  `Name` longtext NOT NULL,
  `Roles` int(11) NOT NULL,
  PRIMARY KEY (`Id`)
) ENGINE=InnoDB AUTO_INCREMENT=69 DEFAULT CHARSET=utf8mb4 COLLATE=utf8mb4_general_ci;

-- Дамп данных таблицы comicShelf.Author: ~68 rows (приблизительно)
INSERT IGNORE INTO `Author` (`Id`, `Name`, `Roles`) VALUES
	(1, 'Камоме Шірахама', 3),
	(2, 'Конамі Каната', 3),
	(3, 'Бен Віллінгем', 1),
	(4, 'Шін\'ічі Фукуда', 3),
	(5, 'Неґі Харуба', 0),
	(6, 'Хірому Аракава', 0),
	(7, 'Ооно Косуке', 0),
	(8, 'Тецуя Цуцуі', 0),
	(9, 'Рафаль Які', 0),
	(10, 'Каллен Банн', 0),
	(11, 'Александра Мотика', 0),
	(12, 'Філіпе Андраде', 0),
	(13, 'Хатая', 0),
	(14, 'Міґель Вальдеррама', 0),
	(15, 'Бартош Штибор', 0),
	(16, 'Данієль Жежель', 0),
	(17, 'Марцин Бляха', 0),
	(18, 'Цукумідзу', 0),
	(19, 'Джо Куеріо', 0),
	(20, 'Пол Тобін', 0),
	(21, 'Пьотр Ковальські', 0),
	(22, 'Маріанна Стриховська', 0),
	(23, 'Амад Мір', 0),
	(24, 'Ікуе Айдзава', 0),
	(25, 'Каван Скотт', 0),
	(26, 'Мартін Туніка', 0),
	(27, 'Майкл Атія', 0),
	(28, 'Хіромі Сато', 0),
	(29, 'Девід Мішлен', 0),
	(30, 'Марк Брайт', 0),
	(31, 'Coolkyousinnjya', 0),
	(32, 'Ніл Дракманн', 0),
	(33, 'Фейт Ерін Гікс', 0),
	(34, 'Рашель Розенберґ', 0),
	(35, 'Габріель Ба', 0),
	(36, 'Джерард Вей', 0),
	(37, 'Майк Міньола', 0),
	(38, 'Крістофер Годлден', 0),
	(39, 'Бен Стенбек', 0),
	(40, 'Гуранідо', 0),
	(41, 'Хуан Діас Каналес', 0),
	(42, 'Анн Тул', 0),
	(43, 'Енн Муліна', 0),
	(44, 'Марк Міллар', 0),
	(45, 'Стів Мак-Нівен', 0),
	(46, 'Браян Бендіс', 0),
	(47, 'Воррен Елліс', 0),
	(48, 'Марк Сільвестрі', 0),
	(49, 'Деніел Вей', 0),
	(50, 'Пако Медіна', 0),
	(51, 'Олів\'є Койпел', 0),
	(52, 'Маріко Тамакі', 0),
	(53, 'Чіп Здарськи', 0),
	(54, 'Марк Беґлі', 0),
	(55, 'Уоррен Еліс', 0),
	(56, 'Деклан Шелві', 0),
	(57, 'Боб Гейл', 0),
	(58, 'Роберто Агірре-Сакаса', 0),
	(59, 'Роберт Хекк', 0),
	(60, 'Олександр Корешков', 0),
	(61, 'Браян Лі О\'Меллі', 0),
	(62, 'Метт Фрекшен', 0),
	(63, 'Девід Аха', 0),
	(64, 'Хавьєр Пулідо', 0),
	(65, 'Нейтан В.Пайл', 0),
	(66, 'Френк Міллер', 0),
	(67, 'Джон Роміта-Мол.', 0),
	(68, 'Мацуда Джюко', 0);

-- Дамп структуры для таблица comicShelf.AuthorVolume
CREATE TABLE IF NOT EXISTS `AuthorVolume` (
  `AuthorsId` int(11) NOT NULL,
  `VolumesId` int(11) NOT NULL,
  PRIMARY KEY (`AuthorsId`,`VolumesId`),
  KEY `IX_AuthorVolume_VolumesId` (`VolumesId`),
  CONSTRAINT `FK_AuthorVolume_Author_AuthorsId` FOREIGN KEY (`AuthorsId`) REFERENCES `Author` (`Id`) ON DELETE CASCADE,
  CONSTRAINT `FK_AuthorVolume_Volume_VolumesId` FOREIGN KEY (`VolumesId`) REFERENCES `Volume` (`Id`) ON DELETE CASCADE
) ENGINE=InnoDB DEFAULT CHARSET=utf8mb4 COLLATE=utf8mb4_general_ci;

-- Дамп данных таблицы comicShelf.AuthorVolume: ~115 rows (приблизительно)
INSERT IGNORE INTO `AuthorVolume` (`AuthorsId`, `VolumesId`) VALUES
	(1, 1),
	(1, 2),
	(1, 3),
	(1, 4),
	(1, 5),
	(1, 6),
	(1, 7),
	(1, 50),
	(1, 55),
	(2, 8),
	(2, 9),
	(2, 10),
	(2, 11),
	(2, 12),
	(2, 13),
	(2, 14),
	(2, 15),
	(2, 16),
	(2, 54),
	(3, 17),
	(3, 18),
	(3, 19),
	(3, 20),
	(3, 21),
	(3, 22),
	(3, 38),
	(3, 39),
	(4, 23),
	(4, 37),
	(5, 24),
	(5, 25),
	(6, 26),
	(6, 27),
	(6, 28),
	(7, 29),
	(7, 30),
	(7, 31),
	(8, 32),
	(8, 33),
	(9, 34),
	(10, 35),
	(11, 36),
	(11, 46),
	(12, 40),
	(13, 34),
	(14, 35),
	(15, 40),
	(15, 47),
	(16, 36),
	(17, 36),
	(18, 41),
	(18, 42),
	(19, 43),
	(19, 44),
	(20, 43),
	(20, 44),
	(20, 45),
	(21, 45),
	(22, 46),
	(23, 47),
	(24, 51),
	(25, 53),
	(26, 53),
	(27, 53),
	(28, 55),
	(29, 56),
	(30, 56),
	(31, 57),
	(32, 58),
	(33, 58),
	(34, 58),
	(35, 59),
	(35, 60),
	(35, 61),
	(35, 62),
	(35, 63),
	(36, 59),
	(36, 60),
	(36, 61),
	(36, 62),
	(36, 63),
	(37, 64),
	(38, 64),
	(39, 64),
	(40, 65),
	(40, 66),
	(40, 67),
	(41, 65),
	(41, 66),
	(41, 67),
	(42, 68),
	(42, 69),
	(43, 68),
	(43, 69),
	(44, 70),
	(44, 79),
	(45, 70),
	(45, 79),
	(46, 71),
	(46, 73),
	(46, 74),
	(46, 81),
	(47, 71),
	(48, 71),
	(49, 72),
	(50, 72),
	(51, 73),
	(51, 74),
	(52, 75),
	(53, 76),
	(54, 76),
	(55, 77),
	(56, 77),
	(57, 78),
	(58, 80),
	(59, 80),
	(60, 82),
	(60, 83),
	(60, 92),
	(61, 84),
	(61, 85),
	(61, 86),
	(61, 87),
	(62, 88),
	(63, 88),
	(64, 88),
	(65, 89),
	(65, 90),
	(66, 91),
	(67, 91),
	(68, 93);

-- Дамп структуры для таблица comicShelf.Country
CREATE TABLE IF NOT EXISTS `Country` (
  `Id` int(11) NOT NULL AUTO_INCREMENT,
  `Name` longtext NOT NULL,
  `FlagPNG` longtext NOT NULL,
  `FlagSVG` longtext NOT NULL,
  `CountryCode` longtext NOT NULL,
  PRIMARY KEY (`Id`)
) ENGINE=InnoDB AUTO_INCREMENT=246 DEFAULT CHARSET=utf8mb4 COLLATE=utf8mb4_general_ci;

-- Дамп данных таблицы comicShelf.Country: ~245 rows (приблизительно)
INSERT IGNORE INTO `Country` (`Id`, `Name`, `FlagPNG`, `FlagSVG`, `CountryCode`) VALUES
	(1, 'Unknown', 'images\\countries\\unknown.png', 'images\\countries\\unknown.svg', 'unknown'),
	(2, 'Afghanistan', 'images\\countries\\af.png', 'images\\countries\\af.svg', 'af'),
	(3, 'Åland Islands', 'images\\countries\\ax.png', 'images\\countries\\ax.svg', 'ax'),
	(4, 'Albania', 'images\\countries\\al.png', 'images\\countries\\al.svg', 'al'),
	(5, 'Algeria', 'images\\countries\\dz.png', 'images\\countries\\dz.svg', 'dz'),
	(6, 'American Samoa', 'images\\countries\\as.png', 'images\\countries\\as.svg', 'as'),
	(7, 'Andorra', 'images\\countries\\ad.png', 'images\\countries\\ad.svg', 'ad'),
	(8, 'Angola', 'images\\countries\\ao.png', 'images\\countries\\ao.svg', 'ao'),
	(9, 'Anguilla', 'images\\countries\\ai.png', 'images\\countries\\ai.svg', 'ai'),
	(10, 'Antigua & Barbuda', 'images\\countries\\ag.png', 'images\\countries\\ag.svg', 'ag'),
	(11, 'Argentina', 'images\\countries\\ar.png', 'images\\countries\\ar.svg', 'ar'),
	(12, 'Armenia', 'images\\countries\\am.png', 'images\\countries\\am.svg', 'am'),
	(13, 'Aruba', 'images\\countries\\aw.png', 'images\\countries\\aw.svg', 'aw'),
	(14, 'Australia', 'images\\countries\\au.png', 'images\\countries\\au.svg', 'au'),
	(15, 'Austria', 'images\\countries\\at.png', 'images\\countries\\at.svg', 'at'),
	(16, 'Azerbaijan', 'images\\countries\\az.png', 'images\\countries\\az.svg', 'az'),
	(17, 'Bahamas', 'images\\countries\\bs.png', 'images\\countries\\bs.svg', 'bs'),
	(18, 'Bahrain', 'images\\countries\\bh.png', 'images\\countries\\bh.svg', 'bh'),
	(19, 'Bangladesh', 'images\\countries\\bd.png', 'images\\countries\\bd.svg', 'bd'),
	(20, 'Barbados', 'images\\countries\\bb.png', 'images\\countries\\bb.svg', 'bb'),
	(21, 'Belarus', 'images\\countries\\by.png', 'images\\countries\\by.svg', 'by'),
	(22, 'Belgium', 'images\\countries\\be.png', 'images\\countries\\be.svg', 'be'),
	(23, 'Belize', 'images\\countries\\bz.png', 'images\\countries\\bz.svg', 'bz'),
	(24, 'Benin', 'images\\countries\\bj.png', 'images\\countries\\bj.svg', 'bj'),
	(25, 'Bermuda', 'images\\countries\\bm.png', 'images\\countries\\bm.svg', 'bm'),
	(26, 'Bhutan', 'images\\countries\\bt.png', 'images\\countries\\bt.svg', 'bt'),
	(27, 'Bolivia', 'images\\countries\\bo.png', 'images\\countries\\bo.svg', 'bo'),
	(28, 'Bonaire, Sint Eustatius and Saba', 'images\\countries\\bq.png', 'images\\countries\\bq.svg', 'bq'),
	(29, 'Bosnia & Herzegovina', 'images\\countries\\ba.png', 'images\\countries\\ba.svg', 'ba'),
	(30, 'Botswana', 'images\\countries\\bw.png', 'images\\countries\\bw.svg', 'bw'),
	(31, 'Brazil', 'images\\countries\\br.png', 'images\\countries\\br.svg', 'br'),
	(32, 'British Indian Ocean Territory', 'images\\countries\\io.png', 'images\\countries\\io.svg', 'io'),
	(33, 'British Virgin Islands', 'images\\countries\\vg.png', 'images\\countries\\vg.svg', 'vg'),
	(34, 'Brunei', 'images\\countries\\bn.png', 'images\\countries\\bn.svg', 'bn'),
	(35, 'Bulgaria', 'images\\countries\\bg.png', 'images\\countries\\bg.svg', 'bg'),
	(36, 'Burkina Faso', 'images\\countries\\bf.png', 'images\\countries\\bf.svg', 'bf'),
	(37, 'Burundi', 'images\\countries\\bi.png', 'images\\countries\\bi.svg', 'bi'),
	(38, 'Cabo Verde', 'images\\countries\\cv.png', 'images\\countries\\cv.svg', 'cv'),
	(39, 'Cambodia', 'images\\countries\\kh.png', 'images\\countries\\kh.svg', 'kh'),
	(40, 'Cameroon', 'images\\countries\\cm.png', 'images\\countries\\cm.svg', 'cm'),
	(41, 'Canada', 'images\\countries\\ca.png', 'images\\countries\\ca.svg', 'ca'),
	(42, 'Cayman Islands', 'images\\countries\\ky.png', 'images\\countries\\ky.svg', 'ky'),
	(43, 'Central African Republic', 'images\\countries\\cf.png', 'images\\countries\\cf.svg', 'cf'),
	(44, 'Chad', 'images\\countries\\td.png', 'images\\countries\\td.svg', 'td'),
	(45, 'Chile', 'images\\countries\\cl.png', 'images\\countries\\cl.svg', 'cl'),
	(46, 'China', 'images\\countries\\cn.png', 'images\\countries\\cn.svg', 'cn'),
	(47, 'Christmas Island', 'images\\countries\\cx.png', 'images\\countries\\cx.svg', 'cx'),
	(48, 'Cocos (Keeling) Islands', 'images\\countries\\cc.png', 'images\\countries\\cc.svg', 'cc'),
	(49, 'Colombia', 'images\\countries\\co.png', 'images\\countries\\co.svg', 'co'),
	(50, 'Comoros', 'images\\countries\\km.png', 'images\\countries\\km.svg', 'km'),
	(51, 'Congo', 'images\\countries\\cd.png', 'images\\countries\\cd.svg', 'cd'),
	(52, 'Congo (DRC)', 'images\\countries\\cd.png', 'images\\countries\\cd.svg', 'cd'),
	(53, 'Cook Islands', 'images\\countries\\ck.png', 'images\\countries\\ck.svg', 'ck'),
	(54, 'Costa Rica', 'images\\countries\\cr.png', 'images\\countries\\cr.svg', 'cr'),
	(55, 'Côte d’Ivoire', 'images\\countries\\ci.png', 'images\\countries\\ci.svg', 'ci'),
	(56, 'Croatia', 'images\\countries\\hr.png', 'images\\countries\\hr.svg', 'hr'),
	(57, 'Cuba', 'images\\countries\\cu.png', 'images\\countries\\cu.svg', 'cu'),
	(58, 'Curaçao', 'images\\countries\\cw.png', 'images\\countries\\cw.svg', 'cw'),
	(59, 'Cyprus', 'images\\countries\\cy.png', 'images\\countries\\cy.svg', 'cy'),
	(60, 'Czechia', 'images\\countries\\cz.png', 'images\\countries\\cz.svg', 'cz'),
	(61, 'Denmark', 'images\\countries\\dk.png', 'images\\countries\\dk.svg', 'dk'),
	(62, 'Djibouti', 'images\\countries\\dj.png', 'images\\countries\\dj.svg', 'dj'),
	(63, 'Dominica', 'images\\countries\\dm.png', 'images\\countries\\dm.svg', 'dm'),
	(64, 'Dominican Republic', 'images\\countries\\do.png', 'images\\countries\\do.svg', 'do'),
	(65, 'Ecuador', 'images\\countries\\ec.png', 'images\\countries\\ec.svg', 'ec'),
	(66, 'Egypt', 'images\\countries\\eg.png', 'images\\countries\\eg.svg', 'eg'),
	(67, 'El Salvador', 'images\\countries\\sv.png', 'images\\countries\\sv.svg', 'sv'),
	(68, 'Equatorial Guinea', 'images\\countries\\gq.png', 'images\\countries\\gq.svg', 'gq'),
	(69, 'Eritrea', 'images\\countries\\er.png', 'images\\countries\\er.svg', 'er'),
	(70, 'Estonia', 'images\\countries\\ee.png', 'images\\countries\\ee.svg', 'ee'),
	(71, 'Eswatini', 'images\\countries\\sz.png', 'images\\countries\\sz.svg', 'sz'),
	(72, 'Ethiopia', 'images\\countries\\et.png', 'images\\countries\\et.svg', 'et'),
	(73, 'Falkland Islands', 'images\\countries\\fk.png', 'images\\countries\\fk.svg', 'fk'),
	(74, 'Faroe Islands', 'images\\countries\\fo.png', 'images\\countries\\fo.svg', 'fo'),
	(75, 'Fiji', 'images\\countries\\fj.png', 'images\\countries\\fj.svg', 'fj'),
	(76, 'Finland', 'images\\countries\\fi.png', 'images\\countries\\fi.svg', 'fi'),
	(77, 'France', 'images\\countries\\fr.png', 'images\\countries\\fr.svg', 'fr'),
	(78, 'French Guiana', 'images\\countries\\gf.png', 'images\\countries\\gf.svg', 'gf'),
	(79, 'French Polynesia', 'images\\countries\\pf.png', 'images\\countries\\pf.svg', 'pf'),
	(80, 'Gabon', 'images\\countries\\ga.png', 'images\\countries\\ga.svg', 'ga'),
	(81, 'Gambia', 'images\\countries\\gm.png', 'images\\countries\\gm.svg', 'gm'),
	(82, 'Georgia', 'images\\countries\\ge.png', 'images\\countries\\ge.svg', 'ge'),
	(83, 'Germany', 'images\\countries\\de.png', 'images\\countries\\de.svg', 'de'),
	(84, 'Ghana', 'images\\countries\\gh.png', 'images\\countries\\gh.svg', 'gh'),
	(85, 'Gibraltar', 'images\\countries\\gi.png', 'images\\countries\\gi.svg', 'gi'),
	(86, 'Greece', 'images\\countries\\gr.png', 'images\\countries\\gr.svg', 'gr'),
	(87, 'Greenland', 'images\\countries\\gl.png', 'images\\countries\\gl.svg', 'gl'),
	(88, 'Grenada', 'images\\countries\\gd.png', 'images\\countries\\gd.svg', 'gd'),
	(89, 'Guadeloupe', 'images\\countries\\gp.png', 'images\\countries\\gp.svg', 'gp'),
	(90, 'Guam', 'images\\countries\\gu.png', 'images\\countries\\gu.svg', 'gu'),
	(91, 'Guatemala', 'images\\countries\\gt.png', 'images\\countries\\gt.svg', 'gt'),
	(92, 'Guernsey', 'images\\countries\\gg.png', 'images\\countries\\gg.svg', 'gg'),
	(93, 'Guinea', 'images\\countries\\pg.png', 'images\\countries\\pg.svg', 'pg'),
	(94, 'Guinea-Bissau', 'images\\countries\\gw.png', 'images\\countries\\gw.svg', 'gw'),
	(95, 'Guyana', 'images\\countries\\gy.png', 'images\\countries\\gy.svg', 'gy'),
	(96, 'Haiti', 'images\\countries\\ht.png', 'images\\countries\\ht.svg', 'ht'),
	(97, 'Honduras', 'images\\countries\\hn.png', 'images\\countries\\hn.svg', 'hn'),
	(98, 'Hong Kong SAR', 'images\\countries\\hk.png', 'images\\countries\\hk.svg', 'hk'),
	(99, 'Hungary', 'images\\countries\\hu.png', 'images\\countries\\hu.svg', 'hu'),
	(100, 'Iceland', 'images\\countries\\is.png', 'images\\countries\\is.svg', 'is'),
	(101, 'India', 'images\\countries\\in.png', 'images\\countries\\in.svg', 'in'),
	(102, 'Indonesia', 'images\\countries\\id.png', 'images\\countries\\id.svg', 'id'),
	(103, 'Iran', 'images\\countries\\ir.png', 'images\\countries\\ir.svg', 'ir'),
	(104, 'Iraq', 'images\\countries\\iq.png', 'images\\countries\\iq.svg', 'iq'),
	(105, 'Ireland', 'images\\countries\\ie.png', 'images\\countries\\ie.svg', 'ie'),
	(106, 'Isle of Man', 'images\\countries\\im.png', 'images\\countries\\im.svg', 'im'),
	(107, 'Israel', 'images\\countries\\il.png', 'images\\countries\\il.svg', 'il'),
	(108, 'Italy', 'images\\countries\\it.png', 'images\\countries\\it.svg', 'it'),
	(109, 'Jamaica', 'images\\countries\\jm.png', 'images\\countries\\jm.svg', 'jm'),
	(110, 'Japan', 'images\\countries\\jp.png', 'images\\countries\\jp.svg', 'jp'),
	(111, 'Jersey', 'images\\countries\\je.png', 'images\\countries\\je.svg', 'je'),
	(112, 'Jordan', 'images\\countries\\jo.png', 'images\\countries\\jo.svg', 'jo'),
	(113, 'Kazakhstan', 'images\\countries\\kz.png', 'images\\countries\\kz.svg', 'kz'),
	(114, 'Kenya', 'images\\countries\\ke.png', 'images\\countries\\ke.svg', 'ke'),
	(115, 'Kiribati', 'images\\countries\\ki.png', 'images\\countries\\ki.svg', 'ki'),
	(116, 'Korea', 'images\\countries\\kp.png', 'images\\countries\\kp.svg', 'kp'),
	(117, 'Kosovo', 'images\\countries\\xk.png', 'images\\countries\\xk.svg', 'xk'),
	(118, 'Kuwait', 'images\\countries\\kw.png', 'images\\countries\\kw.svg', 'kw'),
	(119, 'Kyrgyzstan', 'images\\countries\\kg.png', 'images\\countries\\kg.svg', 'kg'),
	(120, 'Laos', 'images\\countries\\la.png', 'images\\countries\\la.svg', 'la'),
	(121, 'Latvia', 'images\\countries\\lv.png', 'images\\countries\\lv.svg', 'lv'),
	(122, 'Lebanon', 'images\\countries\\lb.png', 'images\\countries\\lb.svg', 'lb'),
	(123, 'Lesotho', 'images\\countries\\ls.png', 'images\\countries\\ls.svg', 'ls'),
	(124, 'Liberia', 'images\\countries\\lr.png', 'images\\countries\\lr.svg', 'lr'),
	(125, 'Libya', 'images\\countries\\ly.png', 'images\\countries\\ly.svg', 'ly'),
	(126, 'Liechtenstein', 'images\\countries\\li.png', 'images\\countries\\li.svg', 'li'),
	(127, 'Lithuania', 'images\\countries\\lt.png', 'images\\countries\\lt.svg', 'lt'),
	(128, 'Luxembourg', 'images\\countries\\lu.png', 'images\\countries\\lu.svg', 'lu'),
	(129, 'Macao SAR', 'images\\countries\\mo.png', 'images\\countries\\mo.svg', 'mo'),
	(130, 'Madagascar', 'images\\countries\\mg.png', 'images\\countries\\mg.svg', 'mg'),
	(131, 'Malawi', 'images\\countries\\mw.png', 'images\\countries\\mw.svg', 'mw'),
	(132, 'Malaysia', 'images\\countries\\my.png', 'images\\countries\\my.svg', 'my'),
	(133, 'Maldives', 'images\\countries\\mv.png', 'images\\countries\\mv.svg', 'mv'),
	(134, 'Mali', 'images\\countries\\ml.png', 'images\\countries\\ml.svg', 'ml'),
	(135, 'Malta', 'images\\countries\\mt.png', 'images\\countries\\mt.svg', 'mt'),
	(136, 'Marshall Islands', 'images\\countries\\mh.png', 'images\\countries\\mh.svg', 'mh'),
	(137, 'Martinique', 'images\\countries\\mq.png', 'images\\countries\\mq.svg', 'mq'),
	(138, 'Mauritania', 'images\\countries\\mr.png', 'images\\countries\\mr.svg', 'mr'),
	(139, 'Mauritius', 'images\\countries\\mu.png', 'images\\countries\\mu.svg', 'mu'),
	(140, 'Mayotte', 'images\\countries\\yt.png', 'images\\countries\\yt.svg', 'yt'),
	(141, 'Mexico', 'images\\countries\\mx.png', 'images\\countries\\mx.svg', 'mx'),
	(142, 'Micronesia', 'images\\countries\\fm.png', 'images\\countries\\fm.svg', 'fm'),
	(143, 'Moldova', 'images\\countries\\md.png', 'images\\countries\\md.svg', 'md'),
	(144, 'Monaco', 'images\\countries\\mc.png', 'images\\countries\\mc.svg', 'mc'),
	(145, 'Mongolia', 'images\\countries\\mn.png', 'images\\countries\\mn.svg', 'mn'),
	(146, 'Montenegro', 'images\\countries\\me.png', 'images\\countries\\me.svg', 'me'),
	(147, 'Montserrat', 'images\\countries\\ms.png', 'images\\countries\\ms.svg', 'ms'),
	(148, 'Morocco', 'images\\countries\\ma.png', 'images\\countries\\ma.svg', 'ma'),
	(149, 'Mozambique', 'images\\countries\\mz.png', 'images\\countries\\mz.svg', 'mz'),
	(150, 'Myanmar', 'images\\countries\\mm.png', 'images\\countries\\mm.svg', 'mm'),
	(151, 'Namibia', 'images\\countries\\na.png', 'images\\countries\\na.svg', 'na'),
	(152, 'Nauru', 'images\\countries\\nr.png', 'images\\countries\\nr.svg', 'nr'),
	(153, 'Nepal', 'images\\countries\\np.png', 'images\\countries\\np.svg', 'np'),
	(154, 'Netherlands', 'images\\countries\\nl.png', 'images\\countries\\nl.svg', 'nl'),
	(155, 'New Caledonia', 'images\\countries\\nc.png', 'images\\countries\\nc.svg', 'nc'),
	(156, 'New Zealand', 'images\\countries\\nz.png', 'images\\countries\\nz.svg', 'nz'),
	(157, 'Nicaragua', 'images\\countries\\ni.png', 'images\\countries\\ni.svg', 'ni'),
	(158, 'Niger', 'images\\countries\\ng.png', 'images\\countries\\ng.svg', 'ng'),
	(159, 'Nigeria', 'images\\countries\\ng.png', 'images\\countries\\ng.svg', 'ng'),
	(160, 'Niue', 'images\\countries\\nu.png', 'images\\countries\\nu.svg', 'nu'),
	(161, 'Norfolk Island', 'images\\countries\\nf.png', 'images\\countries\\nf.svg', 'nf'),
	(162, 'North Korea', 'images\\countries\\kp.png', 'images\\countries\\kp.svg', 'kp'),
	(163, 'North Macedonia', 'images\\countries\\mk.png', 'images\\countries\\mk.svg', 'mk'),
	(164, 'Northern Mariana Islands', 'images\\countries\\mp.png', 'images\\countries\\mp.svg', 'mp'),
	(165, 'Norway', 'images\\countries\\no.png', 'images\\countries\\no.svg', 'no'),
	(166, 'Oman', 'images\\countries\\om.png', 'images\\countries\\om.svg', 'om'),
	(167, 'Pakistan', 'images\\countries\\pk.png', 'images\\countries\\pk.svg', 'pk'),
	(168, 'Palau', 'images\\countries\\pw.png', 'images\\countries\\pw.svg', 'pw'),
	(169, 'Palestinian Authority', 'images\\countries\\ps.png', 'images\\countries\\ps.svg', 'ps'),
	(170, 'Panama', 'images\\countries\\pa.png', 'images\\countries\\pa.svg', 'pa'),
	(171, 'Papua New Guinea', 'images\\countries\\pg.png', 'images\\countries\\pg.svg', 'pg'),
	(172, 'Paraguay', 'images\\countries\\py.png', 'images\\countries\\py.svg', 'py'),
	(173, 'Peru', 'images\\countries\\pe.png', 'images\\countries\\pe.svg', 'pe'),
	(174, 'Philippines', 'images\\countries\\ph.png', 'images\\countries\\ph.svg', 'ph'),
	(175, 'Pitcairn Islands', 'images\\countries\\pn.png', 'images\\countries\\pn.svg', 'pn'),
	(176, 'Poland', 'images\\countries\\pl.png', 'images\\countries\\pl.svg', 'pl'),
	(177, 'Portugal', 'images\\countries\\pt.png', 'images\\countries\\pt.svg', 'pt'),
	(178, 'Puerto Rico', 'images\\countries\\pr.png', 'images\\countries\\pr.svg', 'pr'),
	(179, 'Qatar', 'images\\countries\\qa.png', 'images\\countries\\qa.svg', 'qa'),
	(180, 'Réunion', 'images\\countries\\re.png', 'images\\countries\\re.svg', 're'),
	(181, 'Romania', 'images\\countries\\ro.png', 'images\\countries\\ro.svg', 'ro'),
	(182, 'Russia', 'images\\countries\\ru.png', 'images\\countries\\ru.svg', 'ru'),
	(183, 'Rwanda', 'images\\countries\\rw.png', 'images\\countries\\rw.svg', 'rw'),
	(184, 'Samoa', 'images\\countries\\as.png', 'images\\countries\\as.svg', 'as'),
	(185, 'San Marino', 'images\\countries\\sm.png', 'images\\countries\\sm.svg', 'sm'),
	(186, 'São Tomé & Príncipe', 'images\\countries\\st.png', 'images\\countries\\st.svg', 'st'),
	(187, 'Saudi Arabia', 'images\\countries\\sa.png', 'images\\countries\\sa.svg', 'sa'),
	(188, 'Senegal', 'images\\countries\\sn.png', 'images\\countries\\sn.svg', 'sn'),
	(189, 'Serbia', 'images\\countries\\rs.png', 'images\\countries\\rs.svg', 'rs'),
	(190, 'Seychelles', 'images\\countries\\sc.png', 'images\\countries\\sc.svg', 'sc'),
	(191, 'Sierra Leone', 'images\\countries\\sl.png', 'images\\countries\\sl.svg', 'sl'),
	(192, 'Singapore', 'images\\countries\\sg.png', 'images\\countries\\sg.svg', 'sg'),
	(193, 'Sint Maarten', 'images\\countries\\sx.png', 'images\\countries\\sx.svg', 'sx'),
	(194, 'Slovakia', 'images\\countries\\sk.png', 'images\\countries\\sk.svg', 'sk'),
	(195, 'Slovenia', 'images\\countries\\si.png', 'images\\countries\\si.svg', 'si'),
	(196, 'Solomon Islands', 'images\\countries\\sb.png', 'images\\countries\\sb.svg', 'sb'),
	(197, 'Somalia', 'images\\countries\\so.png', 'images\\countries\\so.svg', 'so'),
	(198, 'South Africa', 'images\\countries\\za.png', 'images\\countries\\za.svg', 'za'),
	(199, 'South Sudan', 'images\\countries\\ss.png', 'images\\countries\\ss.svg', 'ss'),
	(200, 'Spain', 'images\\countries\\es.png', 'images\\countries\\es.svg', 'es'),
	(201, 'Sri Lanka', 'images\\countries\\lk.png', 'images\\countries\\lk.svg', 'lk'),
	(202, 'St Helena, Ascension, Tristan da Cunha', 'images\\countries\\sh.png', 'images\\countries\\sh.svg', 'sh'),
	(203, 'St. Barthélemy', 'images\\countries\\bl.png', 'images\\countries\\bl.svg', 'bl'),
	(204, 'St. Kitts & Nevis', 'images\\countries\\kn.png', 'images\\countries\\kn.svg', 'kn'),
	(205, 'St. Lucia', 'images\\countries\\lc.png', 'images\\countries\\lc.svg', 'lc'),
	(206, 'St. Martin', 'images\\countries\\mf.png', 'images\\countries\\mf.svg', 'mf'),
	(207, 'St. Pierre & Miquelon', 'images\\countries\\pm.png', 'images\\countries\\pm.svg', 'pm'),
	(208, 'St. Vincent & Grenadines', 'images\\countries\\vc.png', 'images\\countries\\vc.svg', 'vc'),
	(209, 'Sudan', 'images\\countries\\sd.png', 'images\\countries\\sd.svg', 'sd'),
	(210, 'Suriname', 'images\\countries\\sr.png', 'images\\countries\\sr.svg', 'sr'),
	(211, 'Svalbard & Jan Mayen', 'images\\countries\\sj.png', 'images\\countries\\sj.svg', 'sj'),
	(212, 'Sweden', 'images\\countries\\se.png', 'images\\countries\\se.svg', 'se'),
	(213, 'Switzerland', 'images\\countries\\ch.png', 'images\\countries\\ch.svg', 'ch'),
	(214, 'Syria', 'images\\countries\\sy.png', 'images\\countries\\sy.svg', 'sy'),
	(215, 'Taiwan', 'images\\countries\\tw.png', 'images\\countries\\tw.svg', 'tw'),
	(216, 'Tajikistan', 'images\\countries\\tj.png', 'images\\countries\\tj.svg', 'tj'),
	(217, 'Tanzania', 'images\\countries\\tz.png', 'images\\countries\\tz.svg', 'tz'),
	(218, 'Thailand', 'images\\countries\\th.png', 'images\\countries\\th.svg', 'th'),
	(219, 'Timor-Leste', 'images\\countries\\tl.png', 'images\\countries\\tl.svg', 'tl'),
	(220, 'Togo', 'images\\countries\\tg.png', 'images\\countries\\tg.svg', 'tg'),
	(221, 'Tokelau', 'images\\countries\\tk.png', 'images\\countries\\tk.svg', 'tk'),
	(222, 'Tonga', 'images\\countries\\to.png', 'images\\countries\\to.svg', 'to'),
	(223, 'Trinidad & Tobago', 'images\\countries\\tt.png', 'images\\countries\\tt.svg', 'tt'),
	(224, 'Tunisia', 'images\\countries\\tn.png', 'images\\countries\\tn.svg', 'tn'),
	(225, 'Turkey', 'images\\countries\\tr.png', 'images\\countries\\tr.svg', 'tr'),
	(226, 'Turkmenistan', 'images\\countries\\tm.png', 'images\\countries\\tm.svg', 'tm'),
	(227, 'Turks & Caicos Islands', 'images\\countries\\tc.png', 'images\\countries\\tc.svg', 'tc'),
	(228, 'Tuvalu', 'images\\countries\\tv.png', 'images\\countries\\tv.svg', 'tv'),
	(229, 'U.S. Outlying Islands', 'images\\countries\\um.png', 'images\\countries\\um.svg', 'um'),
	(230, 'U.S. Virgin Islands', 'images\\countries\\vi.png', 'images\\countries\\vi.svg', 'vi'),
	(231, 'Uganda', 'images\\countries\\ug.png', 'images\\countries\\ug.svg', 'ug'),
	(232, 'Ukraine', 'images\\countries\\ua.png', 'images\\countries\\ua.svg', 'ua'),
	(233, 'United Arab Emirates', 'images\\countries\\ae.png', 'images\\countries\\ae.svg', 'ae'),
	(234, 'United Kingdom', 'images\\countries\\gb.png', 'images\\countries\\gb.svg', 'gb'),
	(235, 'United States', 'images\\countries\\us.png', 'images\\countries\\us.svg', 'us'),
	(236, 'Uruguay', 'images\\countries\\uy.png', 'images\\countries\\uy.svg', 'uy'),
	(237, 'Uzbekistan', 'images\\countries\\uz.png', 'images\\countries\\uz.svg', 'uz'),
	(238, 'Vanuatu', 'images\\countries\\vu.png', 'images\\countries\\vu.svg', 'vu'),
	(239, 'Vatican City', 'images\\countries\\va.png', 'images\\countries\\va.svg', 'va'),
	(240, 'Venezuela', 'images\\countries\\ve.png', 'images\\countries\\ve.svg', 've'),
	(241, 'Vietnam', 'images\\countries\\vn.png', 'images\\countries\\vn.svg', 'vn'),
	(242, 'Wallis & Futuna', 'images\\countries\\wf.png', 'images\\countries\\wf.svg', 'wf'),
	(243, 'Yemen', 'images\\countries\\ye.png', 'images\\countries\\ye.svg', 'ye'),
	(244, 'Zambia', 'images\\countries\\zm.png', 'images\\countries\\zm.svg', 'zm'),
	(245, 'Zimbabwe', 'images\\countries\\zw.png', 'images\\countries\\zw.svg', 'zw');

-- Дамп структуры для таблица comicShelf.Issue
CREATE TABLE IF NOT EXISTS `Issue` (
  `Id` int(11) NOT NULL AUTO_INCREMENT,
  `Name` longtext NOT NULL,
  `Number` int(11) NOT NULL,
  `VolumeId` int(11) NOT NULL,
  PRIMARY KEY (`Id`),
  KEY `IX_Issue_VolumeId` (`VolumeId`),
  CONSTRAINT `FK_Issue_Volume_VolumeId` FOREIGN KEY (`VolumeId`) REFERENCES `Volume` (`Id`) ON DELETE CASCADE
) ENGINE=InnoDB DEFAULT CHARSET=utf8mb4 COLLATE=utf8mb4_general_ci;

-- Дамп данных таблицы comicShelf.Issue: ~0 rows (приблизительно)

-- Дамп структуры для таблица comicShelf.Publisher
CREATE TABLE IF NOT EXISTS `Publisher` (
  `Id` int(11) NOT NULL AUTO_INCREMENT,
  `Name` longtext NOT NULL,
  `CountryId` int(11) DEFAULT NULL,
  PRIMARY KEY (`Id`),
  KEY `IX_Publisher_CountryId` (`CountryId`),
  CONSTRAINT `FK_Publisher_Country_CountryId` FOREIGN KEY (`CountryId`) REFERENCES `Country` (`Id`)
) ENGINE=InnoDB AUTO_INCREMENT=9 DEFAULT CHARSET=utf8mb4 COLLATE=utf8mb4_general_ci;

-- Дамп данных таблицы comicShelf.Publisher: ~8 rows (приблизительно)
INSERT IGNORE INTO `Publisher` (`Id`, `Name`, `CountryId`) VALUES
	(1, 'NashaIdea', 232),
	(2, 'Mal\'opus', 232),
	(3, 'Mimir Media', 232),
	(4, 'Vovkulaka', 232),
	(5, 'Marvel', 235),
	(6, 'DC Comics', 235),
	(7, 'Dark Horse', 235),
	(8, 'РМ', 234);

-- Дамп структуры для таблица comicShelf.PublisherSeries
CREATE TABLE IF NOT EXISTS `PublisherSeries` (
  `PublishersId` int(11) NOT NULL,
  `SeriesId` int(11) NOT NULL,
  PRIMARY KEY (`PublishersId`,`SeriesId`),
  KEY `IX_PublisherSeries_SeriesId` (`SeriesId`),
  CONSTRAINT `FK_PublisherSeries_Publisher_PublishersId` FOREIGN KEY (`PublishersId`) REFERENCES `Publisher` (`Id`) ON DELETE CASCADE,
  CONSTRAINT `FK_PublisherSeries_Series_SeriesId` FOREIGN KEY (`SeriesId`) REFERENCES `Series` (`Id`) ON DELETE CASCADE
) ENGINE=InnoDB DEFAULT CHARSET=utf8mb4 COLLATE=utf8mb4_general_ci;

-- Дамп данных таблицы comicShelf.PublisherSeries: ~14 rows (приблизительно)
INSERT IGNORE INTO `PublisherSeries` (`PublishersId`, `SeriesId`) VALUES
	(1, 1),
	(1, 2),
	(1, 6),
	(1, 13),
	(2, 4),
	(2, 5),
	(2, 7),
	(2, 8),
	(2, 11),
	(4, 9),
	(4, 10),
	(4, 12),
	(7, 12),
	(8, 3);

-- Дамп структуры для таблица comicShelf.Series
CREATE TABLE IF NOT EXISTS `Series` (
  `Id` int(11) NOT NULL AUTO_INCREMENT,
  `Name` longtext NOT NULL,
  `OriginalName` longtext DEFAULT NULL,
  `Ongoing` tinyint(1) NOT NULL,
  `Type` int(11) NOT NULL,
  `TotalVolumes` int(11) NOT NULL,
  `Completed` tinyint(1) NOT NULL,
  `Color` longtext DEFAULT NULL,
  `ComplimentColor` longtext DEFAULT NULL,
  PRIMARY KEY (`Id`)
) ENGINE=InnoDB AUTO_INCREMENT=44 DEFAULT CHARSET=utf8mb4 COLLATE=utf8mb4_general_ci;

-- Дамп данных таблицы comicShelf.Series: ~42 rows (приблизительно)
INSERT IGNORE INTO `Series` (`Id`, `Name`, `OriginalName`, `Ongoing`, `Type`, `TotalVolumes`, `Completed`, `Color`, `ComplimentColor`) VALUES
	(1, 'Ательє Чаклунських Капелюхів', 'とんがり帽子のアトリエ', 1, 1, 0, 0, '#A36B22', '#225AA3'),
	(2, 'Чі "Життя однієї киці"', NULL, 0, 1, 12, 0, '#852678', '#268533'),
	(3, 'Казки', 'Fables', 0, 0, 22, 0, '#EDC02D', '#2D5AED'),
	(4, 'Ця порцелянова лялечка закохалася', NULL, 1, 1, 0, 0, '#1ED45A', '#D41E98'),
	(5, 'П\'ять наречених-близнят', NULL, 0, 1, 14, 0, '#4F8D9E', '#9E604F'),
	(6, 'Сталевий алхімік', NULL, 0, 1, 18, 0, '#AF2FF5', '#75F52F'),
	(7, 'Шлях Домогосподаря', NULL, 1, 1, 0, 0, '#B0852E', '#2E59B0'),
	(8, 'Пророцтво', NULL, 0, 1, 3, 0, '#02BA2A', '#BA0292'),
	(9, 'Відьмак (манга)', NULL, 1, 1, 0, 0, '#C7101C', '#10C7BB'),
	(10, 'Cyberpunk 2077', NULL, 1, 0, 0, 0, '#CCB93B', '#3B4ECC'),
	(11, 'Остання подорож дівчат', NULL, 0, 1, 6, 0, '#B01A15', '#15ABB0'),
	(12, 'Відьмак', NULL, 1, 0, 0, 0, '#3DD911', '#AD11D9'),
	(13, 'Вітаємо в кото-кафе', '珈琲と猫の隠れ家', 0, 1, 1, 0, '#8034C7', '#7BC734'),
	(14, 'test', NULL, 0, 0, 0, 0, '#1FBF0D', '#AD0DBF'),
	(15, 'Assassins Creed Valhalla', NULL, 0, 0, 0, 0, '#622FFA', '#C7FA2F'),
	(16, 'Chi\'s Sweet Adventure', NULL, 0, 0, 0, 0, '#2D3BB5', '#B5A72D'),
	(17, 'Кухня Чаклунських капелюхів', NULL, 0, 0, 0, 0, '#F743AF', '#43F78B'),
	(18, 'Iron Man', NULL, 0, 0, 0, 0, '#BF6F28', '#2878BF'),
	(19, 'Miss Kobayashi\'s Dragon Maid', NULL, 0, 0, 0, 0, '#943722', '#227F94'),
	(20, 'The Last of Us', NULL, 0, 0, 0, 0, '#3C9FC7', '#C7643C'),
	(21, 'Академія Парасоля', NULL, 0, 0, 0, 0, '#5223DE', '#AFDE23'),
	(22, 'Балтімор', NULL, 0, 0, 0, 0, '#F77436', '#36B9F7'),
	(23, 'Блексед', NULL, 0, 0, 0, 0, '#8C1C74', '#1C8C34'),
	(24, 'Горизонт: Новий світанок', NULL, 0, 0, 0, 0, '#2264F2', '#F2B022'),
	(25, 'Громадянська війна', NULL, 0, 0, 0, 0, '#489FB0', '#B05948'),
	(26, 'Громадянська війна: Ініціатива', NULL, 0, 0, 0, 0, '#CC129A', '#12CC44'),
	(27, 'Дедпул', NULL, 0, 0, 0, 0, '#2FBD50', '#BD2F9C'),
	(28, 'Династія М', NULL, 0, 0, 0, 0, '#D9AB6A', '#6A98D9'),
	(29, 'Легенди', NULL, 0, 0, 0, 0, '#C84CF5', '#79F54C'),
	(30, 'Людина Павук та Веном: Подвійна халепа', NULL, 0, 0, 0, 0, '#429BAD', '#AD5442'),
	(31, 'Людина Павук: Життєпис', NULL, 0, 0, 0, 0, '#25A5DB', '#DB5B25'),
	(32, 'Місячний Лицар', NULL, 0, 0, 0, 0, '#A94FC4', '#6AC44F'),
	(33, 'Назад у майбутнє', NULL, 0, 0, 0, 0, '#C4F525', '#5625F5'),
	(34, 'Росомаха', NULL, 0, 0, 0, 0, '#5E822F', '#532F82'),
	(35, 'Сабрина. Жуткие приключения', NULL, 0, 0, 0, 0, '#2E24AD', '#A3AD24'),
	(36, 'Секретна війна', NULL, 0, 0, 0, 0, '#A244B2', '#54B244'),
	(37, 'Серед овець', NULL, 0, 0, 0, 0, '#47DEAE', '#DE4777'),
	(38, 'Скотт Пілігрим', NULL, 0, 0, 0, 0, '#B0073F', '#07B078'),
	(39, 'Соколине око', NULL, 0, 0, 0, 0, '#37D461', '#D437AA'),
	(40, 'Химерна Планета', NULL, 0, 0, 0, 0, '#E04F0B', '#0B9CE0'),
	(41, 'Шибайголова: Людина без страху', NULL, 0, 0, 1, 1, '#8A3D6D', '#3D8A5A'),
	(42, 'Кур\'єр', NULL, 0, 0, 1, 1, '#ED6802', '#0287ED'),
	(43, 'Привід Києва', NULL, 0, 0, 1, 1, '#40B83E', '#B63EB8');

-- Дамп структуры для таблица comicShelf.Volume
CREATE TABLE IF NOT EXISTS `Volume` (
  `Id` int(11) NOT NULL AUTO_INCREMENT,
  `Number` int(11) NOT NULL,
  `Title` longtext NOT NULL,
  `Status` int(11) NOT NULL,
  `Rating` int(11) NOT NULL,
  `PurchaseStatus` int(11) NOT NULL,
  `PurchaseDate` datetime(6) DEFAULT NULL,
  `CoverUrl` longtext NOT NULL,
  `CreationDate` datetime(6) NOT NULL,
  `SeriesId` int(11) NOT NULL,
  `ModificationDate` datetime(6) NOT NULL DEFAULT '0001-01-01 00:00:00.000000',
  `ReleaseDate` datetime(6) DEFAULT NULL,
  `Digitality` int(11) NOT NULL DEFAULT 0,
  `OneShot` tinyint(1) NOT NULL DEFAULT 0,
  PRIMARY KEY (`Id`),
  KEY `IX_Volume_SeriesId` (`SeriesId`),
  CONSTRAINT `FK_Volume_Series_SeriesId` FOREIGN KEY (`SeriesId`) REFERENCES `Series` (`Id`) ON DELETE CASCADE
) ENGINE=InnoDB AUTO_INCREMENT=94 DEFAULT CHARSET=utf8mb4 COLLATE=utf8mb4_general_ci;

-- Дамп данных таблицы comicShelf.Volume: ~90 rows (приблизительно)
INSERT IGNORE INTO `Volume` (`Id`, `Number`, `Title`, `Status`, `Rating`, `PurchaseStatus`, `PurchaseDate`, `CoverUrl`, `CreationDate`, `SeriesId`, `ModificationDate`, `ReleaseDate`, `Digitality`, `OneShot`) VALUES
	(1, 1, 'Том 1', 3, 5, 2, '2023-09-09 00:00:00.000000', 'images\\Series\\Atel\'ie Chakluns\'kikh Kapelyukhiv\\Atel\'ie Chakluns\'kikh Kapelyukhiv 1 52082647.jpg', '2023-09-17 20:55:31.000000', 1, '2023-10-07 20:10:29.099855', NULL, 0, 0),
	(2, 2, 'Том 2', 3, 4, 2, '2023-09-17 00:00:00.000000', 'images\\Series\\Atel\'ie Chakluns\'kikh Kapelyukhiv\\Atel\'ie Chakluns\'kikh Kapelyukhiv 2 16631805.jpg', '2023-09-17 21:04:56.000000', 1, '2023-10-14 18:59:08.501954', NULL, 0, 0),
	(3, 3, 'Том 3', 1, 0, 2, '2023-09-17 00:00:00.000000', 'images\\Series\\Atel\'ie Chakluns\'kikh Kapelyukhiv\\Atel\'ie Chakluns\'kikh Kapelyukhiv 3 51687209.jpg', '2023-09-17 21:05:53.000000', 1, '2023-10-14 18:59:08.564961', NULL, 0, 0),
	(4, 4, 'Том 4', 0, 0, 2, '2023-09-17 00:00:00.000000', 'images\\Series\\Atel\'ie Chakluns\'kikh Kapelyukhiv\\Atel\'ie Chakluns\'kikh Kapelyukhiv 4 16259910.jpg', '2023-09-17 21:06:25.000000', 1, '2023-09-17 21:06:25.000000', NULL, 0, 0),
	(5, 5, 'Том 5', 0, 0, 2, '2023-09-17 00:00:00.000000', 'images\\Series\\Atel\'ie Chakluns\'kikh Kapelyukhiv\\Atel\'ie Chakluns\'kikh Kapelyukhiv 5 55200025.jpg', '2023-09-17 21:06:45.000000', 1, '2023-09-17 21:06:45.000000', NULL, 0, 0),
	(6, 6, 'Том 6', 0, 0, 2, '2023-09-17 00:00:00.000000', 'images\\Series\\Atel\'ie Chakluns\'kikh Kapelyukhiv\\Atel\'ie Chakluns\'kikh Kapelyukhiv 6 14581486.jpg', '2023-09-17 21:07:03.000000', 1, '2023-09-17 21:07:03.000000', NULL, 0, 0),
	(7, 7, 'Том 7', 0, 0, 2, '2023-09-17 00:00:00.000000', 'images\\Series\\Atel\'ie Chakluns\'kikh Kapelyukhiv\\Atel\'ie Chakluns\'kikh Kapelyukhiv 7 56754956.jpg', '2023-09-17 21:07:51.000000', 1, '2023-09-17 21:07:51.000000', NULL, 0, 0),
	(8, 7, 'Том 7', 3, 5, 2, '2022-12-25 00:00:00.000000', 'images\\Series\\Chi Zhittya odniieyi kitsi\\Chi Zhittya odniieyi kitsi 7 54111594.jpg', '2023-09-17 21:18:08.000000', 2, '2023-09-17 21:18:08.000000', NULL, 0, 0),
	(9, 1, 'Том 1', 3, 5, 2, '2021-12-31 00:00:00.000000', 'images\\Series\\Chi Zhittya odniieyi kitsi\\Chi Zhittya odniieyi kitsi 1 61260294.jpg', '2023-09-17 21:21:09.000000', 2, '2023-09-17 21:21:09.000000', NULL, 0, 0),
	(10, 2, 'Том 2', 3, 5, 2, '2021-12-31 00:00:00.000000', 'images\\Series\\Chi Zhittya odniieyi kitsi\\Chi Zhittya odniieyi kitsi 2 2898012.jpg', '2023-09-17 21:21:43.000000', 2, '2023-09-17 21:21:43.000000', NULL, 0, 0),
	(11, 3, 'Том 3', 3, 5, 2, '2021-12-31 00:00:00.000000', 'images\\Series\\Chi Zhittya odniieyi kitsi\\Chi Zhittya odniieyi kitsi 3 41312642.jpg', '2023-09-17 21:22:15.000000', 2, '2023-09-17 21:22:15.000000', NULL, 0, 0),
	(12, 4, 'Том 4', 3, 5, 2, '2021-12-31 00:00:00.000000', 'images\\Series\\Chi Zhittya odniieyi kitsi\\Chi Zhittya odniieyi kitsi 4 9566798.jpg', '2023-09-17 21:22:36.000000', 2, '2023-09-17 21:22:36.000000', NULL, 0, 0),
	(13, 5, 'Том 5', 3, 5, 2, '2021-12-31 00:00:00.000000', 'images\\Series\\Chi Zhittya odniieyi kitsi\\Chi Zhittya odniieyi kitsi 5 13502279.jpg', '2023-09-17 21:22:53.000000', 2, '2023-09-17 21:22:53.000000', NULL, 0, 0),
	(14, 6, 'Том 6', 3, 5, 2, '2021-12-31 00:00:00.000000', 'images\\Series\\Chi Zhittya odniieyi kitsi\\Chi Zhittya odniieyi kitsi 6 61207367.jpg', '2023-09-17 21:23:26.000000', 2, '2023-09-17 21:23:26.000000', NULL, 0, 0),
	(15, 8, 'Том 8', 1, 0, 2, '2023-04-12 00:00:00.000000', 'images\\Series\\Chi Zhittya odniieyi kitsi\\Chi Zhittya odniieyi kitsi 8 61397338.jpg', '2023-09-17 21:24:18.000000', 2, '2023-09-17 21:24:18.000000', NULL, 0, 0),
	(16, 9, 'Том 9', 0, 0, 2, '2023-07-03 00:00:00.000000', 'images\\Series\\Chi Zhittya odniieyi kitsi\\Chi Zhittya odniieyi kitsi 9 65134179.jpg', '2023-09-17 21:26:23.000000', 2, '2023-09-17 21:26:23.000000', NULL, 0, 0),
	(17, 1, 'Легенди у вигнанні', 3, 5, 2, '2022-07-15 00:00:00.000000', 'images\\Series\\Kazki\\Kazki 1 3970006.png', '2023-09-17 21:54:35.000000', 3, '2023-09-17 21:54:35.000000', NULL, 0, 0),
	(18, 2, 'Хутір тварин', 3, 3, 2, '2022-07-23 00:00:00.000000', 'images\\Series\\Kazki\\Kazki 2 22397819.webp', '2023-09-17 21:56:38.000000', 3, '2023-09-17 21:56:38.000000', NULL, 0, 0),
	(19, 3, 'Кохання як у казці', 3, 3, 2, '2022-07-23 00:00:00.000000', 'images\\Series\\Kazki\\Kazki 3 44818113.webp', '2023-09-17 21:57:13.000000', 3, '2023-09-17 21:57:13.000000', NULL, 0, 0),
	(20, 4, 'Марш дерев\'яних солдатиків', 3, 4, 2, '2022-07-23 00:00:00.000000', 'images\\Series\\Kazki\\Kazki 4 50031012.png', '2023-09-17 21:58:55.000000', 3, '2023-09-17 21:58:55.000000', NULL, 0, 0),
	(21, 5, 'Жорстокі пори року', 3, 5, 2, '2022-07-23 00:00:00.000000', 'images\\Series\\Kazki\\Kazki 5 13424789.jpg', '2023-09-17 22:00:13.000000', 3, '2023-09-17 22:00:13.000000', NULL, 0, 0),
	(22, 6, 'Батьківщина', 3, 5, 2, '2022-07-23 00:00:00.000000', 'images\\Series\\Kazki\\Kazki 6 57299567.jpg', '2023-09-17 22:01:18.000000', 3, '2023-09-17 22:01:18.000000', NULL, 0, 0),
	(23, 1, 'Том 1', 0, 0, 2, '2023-06-17 00:00:00.000000', 'images/Series/Tsya portselyanova lyalechka zakokhalasya/Tsya portselyanova lyalechka zakokhalasya 1 60186681.png', '2023-09-17 22:14:44.000000', 4, '2023-10-11 13:15:45.591734', NULL, 0, 0),
	(24, 1, 'Том 1', 0, 0, 2, '2023-10-03 00:00:00.000000', 'images\\Series\\P\'yat\' narechenikh-bliznyat\\P\'yat\' narechenikh-bliznyat 1 52905842.jpg', '2023-10-03 17:30:27.834016', 5, '2023-10-07 18:57:34.244391', '2023-10-10 00:00:00.000000', 0, 0),
	(25, 2, 'Том 2', 0, 0, 1, '2023-10-10 00:00:00.000000', 'images/Series/P\'yat\' narechenikh-bliznyat/P\'yat\' narechenikh-bliznyat 2 39614241.jpg', '2023-10-03 18:47:52.253711', 5, '2023-10-11 13:12:13.920387', '2023-10-31 00:00:00.000000', 0, 0),
	(26, 1, 'Том 1', 0, 0, 2, '2023-04-08 00:00:00.000000', 'images\\Series\\Staleviy alkhimik\\Staleviy alkhimik 1 35310907.jpg', '2023-10-03 17:40:18.454059', 6, '2023-10-03 22:20:02.927242', NULL, 0, 0),
	(27, 2, 'Том 2', 0, 0, 2, '2023-04-15 00:00:00.000000', 'images\\Series\\Staleviy alkhimik\\Staleviy alkhimik 2 13479413.jpg', '2023-10-03 17:41:03.680521', 6, '2023-10-03 22:21:27.020355', NULL, 0, 0),
	(28, 3, 'Том 3', 0, 0, 2, '2023-05-31 00:00:00.000000', 'images\\Series\\Staleviy alkhimik\\Staleviy alkhimik 3 708994.jpg', '2023-10-03 17:41:27.284790', 6, '2023-10-03 22:21:58.532761', NULL, 0, 0),
	(29, 1, 'Том 1', 3, 5, 2, '2022-11-14 00:00:00.000000', 'images\\Series\\Shlyakh Domogospodarya\\Shlyakh Domogospodarya 1 54878038.jpg', '2023-10-03 17:45:13.581871', 7, '2023-10-14 18:59:32.696728', NULL, 0, 0),
	(30, 2, 'Том 2', 1, 0, 2, '2023-02-15 00:00:00.000000', 'images\\Series\\Shlyakh Domogospodarya\\Shlyakh Domogospodarya 2 15493554.png', '2023-10-03 17:46:06.140801', 7, '2023-10-14 18:59:32.702730', NULL, 0, 0),
	(31, 3, 'Том 3', 0, 0, 2, '2023-06-15 00:00:00.000000', 'images/Series/Shlyakh Domogospodarya/Shlyakh Domogospodarya 3 48426046.jpg', '2023-10-03 20:07:32.460000', 7, '2023-10-11 13:22:16.171468', NULL, 0, 0),
	(32, 1, 'Том 1', 3, 5, 2, '2023-04-05 00:00:00.000000', 'images\\Series\\Prorotstvo\\Prorotstvo 1 48175008.jpg', '2023-10-03 17:56:27.112042', 8, '2023-10-14 18:59:25.008359', NULL, 0, 0),
	(33, 2, 'Том 2', 1, 0, 1, '2023-06-15 00:00:00.000000', 'images\\Series\\Prorotstvo\\Prorotstvo 2 63279896.png', '2023-10-03 19:53:18.194251', 8, '2023-10-14 18:59:25.014659', '2023-10-30 00:00:00.000000', 0, 0),
	(34, 1, 'Ронін', 0, 0, 1, '2023-06-09 00:00:00.000000', 'images\\Series\\Vid\'mak\\Vid\'mak 1 50929485.jpg', '2023-10-03 19:52:05.865663', 9, '2023-10-03 21:59:52.975426', '2023-09-30 00:00:00.000000', 0, 0),
	(35, 1, 'Травма Тім', 3, 5, 2, '2022-09-13 00:00:00.000000', 'images\\Series\\Cyberpunk 2077\\Cyberpunk 2077 1 50111055.jpg', '2023-10-03 19:56:07.236003', 10, '2023-10-03 19:56:07.236005', NULL, 0, 0),
	(36, 2, 'Твій Голос', 0, 0, 1, '2023-07-20 00:00:00.000000', 'images\\Series\\Cyberpunk 2077\\Cyberpunk 2077 2 40838810.jpg', '2023-10-03 19:52:51.185176', 10, '2023-10-03 22:00:40.461961', '2023-10-30 00:00:00.000000', 0, 0),
	(37, 2, 'Том 2', 0, 0, 1, '2023-09-29 00:00:00.000000', 'images\\Series\\Tsya portselyanova lyalechka zakokhalasya\\Tsya portselyanova lyalechka zakokhalasya 2 29280793.jpg', '2023-10-03 19:50:48.756950', 4, '2023-10-03 22:00:12.891583', '2023-11-30 00:00:00.000000', 0, 0),
	(38, 7, 'Том 7', 0, 0, 0, NULL, 'images\\static\\no-cover.png', '2023-10-03 19:02:24.145322', 3, '2023-10-04 17:23:49.943960', '2023-08-31 00:00:00.000000', 0, 0),
	(39, 8, 'Том 8', 0, 0, 0, NULL, 'images\\static\\no-cover.png', '2023-10-03 19:02:29.884489', 3, '2023-10-03 21:52:21.101181', '2023-10-31 00:00:00.000000', 0, 0),
	(40, 3, 'Мрії великого міста', 0, 0, 0, NULL, 'images\\static\\no-cover.png', '2023-10-03 19:17:44.217078', 10, '2023-10-03 21:52:43.180839', '2023-12-31 00:00:00.000000', 0, 0),
	(41, 1, 'Том 1', 0, 0, 2, '2023-04-08 00:00:00.000000', 'images\\Series\\Ostannya podorozh divchat\\Ostannya podorozh divchat 1 33103818.webp', '2023-10-03 22:32:20.191135', 11, '2023-10-03 22:59:01.717916', NULL, 0, 0),
	(42, 2, 'Том 2', 0, 0, 2, '2023-06-15 00:00:00.000000', 'images\\Series\\Ostannya podorozh divchat\\Ostannya podorozh divchat 2 56724010.png', '2023-10-03 22:33:01.382607', 11, '2023-10-03 22:58:55.566011', NULL, 0, 0),
	(43, 1, 'Дім зі скла', 3, 5, 2, '2021-12-22 00:00:00.000000', 'images\\Series\\Vid\'mak (Dark Horse)\\Vid\'mak (Dark Horse) 1 31670074.jpg', '2023-10-03 23:25:11.686898', 12, '2023-10-03 23:25:11.687132', NULL, 0, 0),
	(44, 2, 'Лисячі діти', 3, 4, 2, '2021-12-22 00:00:00.000000', 'images\\Series\\Vid\'mak (Dark Horse)\\Vid\'mak (Dark Horse) 2 13612418.jpg', '2023-10-03 23:25:58.671025', 12, '2023-10-03 23:25:58.671026', NULL, 0, 0),
	(45, 3, 'Прокляття Воронів', 3, 5, 2, '2021-12-31 00:00:00.000000', 'images\\Series\\Vid\'mak (Dark Horse)\\Vid\'mak (Dark Horse) 3 8120508.jpg', '2023-10-03 23:27:21.243250', 12, '2023-10-03 23:27:21.243255', NULL, 0, 0),
	(46, 4, 'Плоть і пломінь', 3, 4, 2, '2021-12-23 00:00:00.000000', 'images\\Series\\Vid\'mak (Dark Horse)\\Vid\'mak (Dark Horse) 4 40341929.jpg', '2023-10-03 23:29:13.096514', 12, '2023-10-03 23:29:13.096517', NULL, 0, 0),
	(47, 5, 'Тьмяні спогади', 3, 4, 2, '2022-08-13 00:00:00.000000', 'images\\Series\\Vid\'mak (Dark Horse)\\Vid\'mak (Dark Horse) 5 54685853.jpg', '2023-10-03 23:30:24.165780', 12, '2023-10-03 23:32:35.587929', NULL, 0, 0),
	(50, 8, 'Том 8', 0, 0, 0, NULL, 'images\\static\\no-cover.png', '2023-10-03 23:44:01.338627', 1, '2023-10-03 23:44:01.338628', '2023-12-31 00:00:00.000000', 0, 0),
	(51, 1, 'Том 1', 0, 0, 1, '2023-10-06 00:00:00.000000', 'images\\Series\\Vitaiemo v koto-kafe\\Vitaiemo v koto-kafe 1 30848139.jpg', '2023-10-07 19:06:30.087095', 13, '2023-10-09 14:47:37.213806', '2023-11-15 00:00:00.000000', 0, 1),
	(53, 1, 'Пісня слави', 3, 4, 2, '2022-11-23 00:00:00.000000', 'images/Series/Assassins Creed Valhalla/Assassins Creed Valhalla 1 22664483.jpg', '2023-10-09 22:07:37.644973', 15, '2023-10-11 13:12:44.852532', NULL, 0, 0),
	(54, 1, 'Том 1', 0, 0, 2, '2022-02-21 00:00:00.000000', 'images/Series/Chi\'s Sweet Adventure/Chi\'s Sweet Adventure 1 9195200.jpg', '2023-10-09 22:09:21.591420', 16, '2023-10-11 13:12:59.728521', NULL, 1, 0),
	(55, 1, 'Том 1', 0, 0, 2, '2023-10-09 00:00:00.000000', 'images/Series/Kukhnya Chakluns\'kikh kapelyukhiv/Kukhnya Chakluns\'kikh kapelyukhiv 1 25555439.webp', '2023-10-10 19:47:33.470234', 17, '2023-10-11 13:12:02.281937', NULL, 0, 0),
	(56, 23, 'Armor Wars. Prologue', 0, 0, 4, '2022-08-27 00:00:00.000000', 'images/Series/Iron Man/Iron Man 23 56765475.jpg', '2023-10-11 13:27:15.473434', 18, '2023-10-11 13:27:15.473448', NULL, 0, 0),
	(57, 1, 'Том 1', 3, 5, 2, '2023-07-14 00:00:00.000000', 'images/Series/Miss Kobayashi\'s Dragon Maid/Miss Kobayashi\'s Dragon Maid 1 48651302.jpeg', '2023-10-11 13:29:28.031276', 19, '2023-10-14 18:59:17.180340', NULL, 1, 0),
	(58, 1, 'Американські мрії', 3, 5, 2, '2023-07-13 00:00:00.000000', 'images/Series/The Last of Us/The Last of Us 1 15175415.jpg', '2023-10-11 13:31:29.045027', 20, '2023-10-11 13:31:29.045043', NULL, 0, 1),
	(59, 0, 'The Umbrella Academy', 0, 0, 5, '2022-08-01 00:00:00.000000', 'images/Series/Akademiya Parasolya/Akademiya Parasolya 0 5551099.jpg', '2023-10-11 13:33:32.339639', 21, '2023-10-11 13:33:32.339655', NULL, 1, 0),
	(60, 1, 'Готель Забуття', 0, 0, 2, '2022-07-30 00:00:00.000000', 'images/Series/Akademiya Parasolya/Akademiya Parasolya 1 45887560.jpg', '2023-10-11 13:48:42.840502', 21, '2023-10-11 13:57:04.914684', NULL, 0, 0),
	(61, 2, 'Даллас', 0, 0, 2, '2022-07-30 00:00:00.000000', 'images/Series/Akademiya Parasolya/Akademiya Parasolya 2 8837813.jpg', '2023-10-11 13:48:54.621000', 21, '2023-10-11 13:56:46.691034', NULL, 0, 0),
	(62, 3, 'Апокаліптична сюїта', 0, 0, 2, '2022-07-30 00:00:00.000000', 'images/Series/Akademiya Parasolya/Akademiya Parasolya 3 58542570.jpg', '2023-10-11 13:49:27.514219', 21, '2023-10-11 13:49:27.514236', NULL, 0, 0),
	(63, 4, 'The Umbrella Academy Hotel Oblivion Ashcan', 0, 0, 5, '2022-07-30 00:00:00.000000', 'images/Series/Akademiya Parasolya/Akademiya Parasolya 4 53601357.jpg', '2023-10-11 13:58:27.923154', 21, '2023-10-11 13:58:27.923177', NULL, 1, 0),
	(64, 1, 'Чумні кораблі', 3, 5, 2, '2022-11-23 00:00:00.000000', 'images/Series/Baltimor/Baltimor 1 48510798.jpg', '2023-10-11 14:00:29.113701', 22, '2023-10-11 14:00:29.113719', NULL, 0, 0),
	(65, 1, 'Десь серед тіней. Арктична нація', 0, 0, 4, '2022-08-22 00:00:00.000000', 'images/Series/Bleksed/Bleksed 1 19644328.png', '2023-10-11 14:02:13.691386', 23, '2023-10-11 14:02:13.691401', NULL, 0, 0),
	(66, 2, 'Червона душа. Мовчазне пекло', 0, 0, 4, '2022-08-22 00:00:00.000000', 'images/Series/Bleksed/Bleksed 2 32821593.png', '2023-10-11 14:02:53.570743', 23, '2023-10-11 14:02:53.570760', NULL, 0, 0),
	(67, 3, 'Амарилло та інші історії', 0, 0, 4, '2022-08-22 00:00:00.000000', 'images/Series/Bleksed/Bleksed 3 21726954.png', '2023-10-11 14:03:35.980857', 23, '2023-10-11 14:03:35.980874', NULL, 0, 0),
	(68, 1, 'Сонячний яструб', 3, 4, 2, '2021-12-23 00:00:00.000000', 'images/Series/Gorizont: Noviy svitanok/Gorizont: Noviy svitanok 1 53953820.jpg', '2023-10-14 18:12:52.734806', 24, '2023-10-14 18:12:52.734834', NULL, 0, 0),
	(69, 0, 'Free Comic Book Day Issue', 0, 0, 5, '2023-05-24 00:00:00.000000', 'images/Series/Gorizont: Noviy svitanok/Gorizont: Noviy svitanok 0 6983139.jpg', '2023-10-14 18:18:13.340052', 24, '2023-10-14 18:18:13.340073', NULL, 1, 0),
	(70, 1, 'Том 1', 0, 0, 4, '2022-08-27 00:00:00.000000', 'images/Series/Gromadyans\'ka viyna/Gromadyans\'ka viyna 1 17502796.png', '2023-10-14 18:21:06.998550', 25, '2023-10-14 18:21:06.998566', NULL, 0, 1),
	(71, 1, 'Том 1', 0, 0, 4, '2022-08-27 00:00:00.000000', 'images/Series/Gromadyans\'ka viyna: Initsiativa/Gromadyans\'ka viyna: Initsiativa 1 13424789.png', '2023-10-14 18:22:20.472290', 26, '2023-10-14 18:22:20.472305', NULL, 0, 1),
	(72, 1, 'Таємне вторгнення', 0, 0, 2, '2022-11-28 00:00:00.000000', 'images/Series/Dedpul/Dedpul 1 43764823.png', '2023-10-14 18:23:53.242506', 27, '2023-10-14 18:23:53.242523', NULL, 0, 0),
	(73, 1, 'Том 1', 0, 0, 2, '2022-11-28 00:00:00.000000', 'images/Series/Dinastiya M/Dinastiya M 1 10471569.png', '2023-10-14 18:25:17.731602', 28, '2023-10-14 18:25:17.731617', NULL, 0, 1),
	(74, 1, 'Том 1', 0, 0, 2, '2022-11-28 00:00:00.000000', 'images/Series/Legendi/Legendi 1 54186249.jpg', '2023-10-14 18:27:15.504882', 29, '2023-10-14 18:27:15.504899', NULL, 0, 0),
	(75, 1, 'Том 1', 0, 0, 2, '2023-01-09 00:00:00.000000', 'images/Series/Lyudina Pavuk ta Venom: Podviyna khalepa/Lyudina Pavuk ta Venom: Podviyna khalepa 1 604906.jpg', '2023-10-14 18:28:50.558903', 30, '2023-10-14 18:28:50.558919', NULL, 0, 1),
	(76, 1, 'Том 1', 2, 0, 2, '2023-02-14 00:00:00.000000', 'images/Series/Lyudina Pavuk: Zhittiepis/Lyudina Pavuk: Zhittiepis 1 28565519.jpg', '2023-10-14 18:35:54.309326', 31, '2023-10-14 18:35:54.309343', NULL, 0, 1),
	(77, 1, 'Із мертвих', 0, 0, 2, '2022-11-28 00:00:00.000000', 'images/Series/Misyachniy Litsar/Misyachniy Litsar 1 48246787.jpg', '2023-10-14 18:37:26.713047', 32, '2023-10-14 18:37:26.713061', NULL, 0, 0),
	(78, 1, 'Нерозказані Історії та Альтернативні лінії часу', 3, 5, 2, '2021-12-31 00:00:00.000000', 'images/Series/Nazad u maybutnie/Nazad u maybutnie 1 17464575.jpg', '2023-10-14 18:38:35.131341', 33, '2023-10-14 18:38:35.131359', NULL, 0, 0),
	(79, 12, 'Старий Логан', 0, 0, 2, '2022-11-23 00:00:00.000000', 'images/Series/Rosomakha/Rosomakha 12 10782849.jpg', '2023-10-14 18:40:38.957302', 34, '2023-10-14 18:40:38.957316', NULL, 0, 0),
	(80, 1, 'Суровое испытание', 3, 5, 2, '2020-01-30 00:00:00.000000', 'images/Series/Sabrina. Zhutkie priklyucheniya/Sabrina. Zhutkie priklyucheniya 1 52425804.png', '2023-10-14 18:42:45.830151', 35, '2023-10-14 18:42:45.830166', NULL, 0, 0),
	(81, 1, 'Том 1', 0, 0, 2, '2022-11-28 00:00:00.000000', 'images/Series/Sekretna viyna/Sekretna viyna 1 41133212.png', '2023-10-14 18:44:55.225824', 36, '2023-10-14 18:44:55.225840', NULL, 0, 1),
	(82, 1, 'Книга 1', 3, 5, 2, '2022-09-13 00:00:00.000000', 'images/Series/Sered ovets\'/Sered ovets\' 1 30028248.png', '2023-10-14 19:03:51.767708', 37, '2023-10-14 19:03:51.767724', NULL, 0, 0),
	(83, 4, 'Випуск 4', 3, 5, 2, '2023-01-18 00:00:00.000000', 'images/Series/Sered ovets\'/Sered ovets\' 4 36609251.png', '2023-10-14 19:05:08.279465', 37, '2023-10-14 19:05:08.279480', NULL, 0, 0),
	(84, 1, 'Скотт Пілігрим і його чудове маленьке життя', 0, 0, 2, '2023-04-25 00:00:00.000000', 'images/Series/Skott Piligrim/Skott Piligrim 1 34089067.jpg', '2023-10-14 20:33:06.087652', 38, '2023-10-14 20:33:06.087670', NULL, 0, 0),
	(85, 2, 'Скотт Пілігрим проти всього світу', 0, 0, 2, '2023-04-25 00:00:00.000000', 'images/Series/Skott Piligrim/Skott Piligrim 2 18478368.jpg', '2023-10-14 20:33:43.148262', 38, '2023-10-14 20:33:43.148280', NULL, 0, 0),
	(86, 3, 'Скотт Пілігрим та безмежна журба', 0, 0, 2, '2023-04-25 00:00:00.000000', 'images/Series/Skott Piligrim/Skott Piligrim 3 49824938.jpg', '2023-10-14 20:34:26.468476', 38, '2023-10-14 20:34:26.468493', NULL, 0, 0),
	(87, 4, 'Скотт Пілігрим береться за розум', 0, 0, 2, '2023-04-25 00:00:00.000000', 'images/Series/Skott Piligrim/Skott Piligrim 4 44989942.jpg', '2023-10-14 20:35:06.308601', 38, '2023-10-14 20:35:06.308617', NULL, 0, 0),
	(88, 1, 'Моє життя як зброя', 0, 0, 2, '2022-11-28 00:00:00.000000', 'images/Series/Sokoline oko/Sokoline oko 1 48782474.jpg', '2023-10-14 20:38:44.324450', 39, '2023-10-14 20:38:44.324467', NULL, 0, 0),
	(89, 1, 'Химерна Планета', 3, 5, 2, '2022-10-05 00:00:00.000000', 'images/Series/Khimerna Planeta/Khimerna Planeta 1 63697528.png', '2023-10-14 20:41:16.155937', 40, '2023-10-14 20:41:16.155952', NULL, 0, 0),
	(90, 2, 'Химерніша планета', 3, 5, 2, '2022-10-05 00:00:00.000000', 'images/Series/Khimerna Planeta/Khimerna Planeta 2 48182812.png', '2023-10-14 20:42:15.384416', 40, '2023-10-14 20:42:15.384431', NULL, 0, 0),
	(91, 1, 'Том 1', 0, 0, 2, '2022-11-28 00:00:00.000000', 'images/Series/Shibaygolova: Lyudina bez strakhu/Shibaygolova: Lyudina bez strakhu 1 61493029.jpg', '2023-10-14 20:46:03.077712', 41, '2023-10-14 20:46:03.077727', NULL, 0, 1),
	(92, 1, 'Том 1', 0, 0, 2, '2023-09-09 00:00:00.000000', 'images/Series/Kur\'ier/Kur\'ier 1 58007037.jpg', '2023-10-14 20:47:25.241159', 42, '2023-10-14 20:47:25.241174', NULL, 0, 1),
	(93, 1, 'Том 1', 3, 4, 2, '2022-09-13 00:00:00.000000', 'images/Series/Privid Kiieva/Privid Kiieva 1 64190681.jpeg', '2023-10-14 20:48:36.439832', 43, '2023-10-14 20:48:36.439847', NULL, 0, 1);

-- Дамп структуры для таблица comicShelf.__EFMigrationsHistory
CREATE TABLE IF NOT EXISTS `__EFMigrationsHistory` (
  `MigrationId` varchar(150) NOT NULL,
  `ProductVersion` varchar(32) NOT NULL,
  PRIMARY KEY (`MigrationId`)
) ENGINE=InnoDB DEFAULT CHARSET=utf8mb4 COLLATE=utf8mb4_general_ci;

-- Дамп данных таблицы comicShelf.__EFMigrationsHistory: ~6 rows (приблизительно)
INSERT IGNORE INTO `__EFMigrationsHistory` (`MigrationId`, `ProductVersion`) VALUES
	('20230918115301_Init', '7.0.11'),
	('20230918202512_removeVolumeCover', '7.0.11'),
	('20231003154719_addVolumeModificationDate', '7.0.11'),
	('20231003172515_addReleaseDate', '7.0.11'),
	('20231003194010_removeHasIssues', '7.0.11'),
	('20231007173821_renameRaitingToRating', '7.0.11'),
	('20231009193330_addDigitaalityField', '7.0.11'),
	('20231014172126_addOneShot', '7.0.11');

/*!40103 SET TIME_ZONE=IFNULL(@OLD_TIME_ZONE, 'system') */;
/*!40101 SET SQL_MODE=IFNULL(@OLD_SQL_MODE, '') */;
/*!40014 SET FOREIGN_KEY_CHECKS=IFNULL(@OLD_FOREIGN_KEY_CHECKS, 1) */;
/*!40101 SET CHARACTER_SET_CLIENT=@OLD_CHARACTER_SET_CLIENT */;
/*!40111 SET SQL_NOTES=IFNULL(@OLD_SQL_NOTES, 1) */;
